'AND',0.5406098378,0.7387952238,2.2409,0.422368004,0.7226777448,4.2118,0.422368004,0.7226777448,4.2118,0.3042543513,0.6217007721,2.1741,0.3042543513,0.6217007721,2.1741,0.2476256935,0.671938763,3.9034,0.2476256935,0.671938763,3.9034,0.2173538326,0.7169630129,4.4853,0.2173538326,0.7169630129,4.4853,0.2620573433,0.7803943873,5.6834,0.2620573433,0.7803943873,5.6834,0.3032598396,0.8245253821,4.235,0.3032598396,0.8245253821,4.235,0.4275694742,0.848727197,3.7515,0.3042543513,0.6217007721,2.1741,0.1715947657,0.5386300044,3.4328,0.1715947657,0.5386300044,3.4328,0.1609221868,0.5885137233,4.3098,0.1609221868,0.5885137233,4.3098,0.3042543513,0.6217007721,2.1741,0.1715947657,0.5386300044,3.4328,0.1682424183,0.5115973496,4.4994,0.1682424183,0.5115973496,4.4994,0.2065590047,0.4235456253,4.2487,0.2065590047,0.4235456253,4.2487,0.2496131947,0.4087170143,4.5603,0.1715947657,0.5386300044,3.4328,0.0365914186,0.5077307372,2.0371,0.1609221868,0.5885137233,4.3098,6.1877870033,0.7551703882,4.264,6.1877870033,0.7551703882,4.264,6.197696302,0.7737738838,4.1257,6.197696302,0.7737738838,4.1257,6.1852801691,0.81086559,3.9695,6.1877870033,0.7551703882,4.264,6.029766878,0.7387276989,3.6041
'ANT',2.8654667557,-0.6481710033,4.7656,2.7364694417,-0.5422354415,4.4113,2.7364694417,-0.5422354415,4.4113,2.4838025999,-0.627469387,4.6623,2.4838025999,-0.627469387,4.6623,2.5490628416,-0.4846703067,4.8997,2.5490628416,-0.4846703067,4.8997,2.7364694417,-0.5422354415,4.4113
'APS',3.8740292432,-1.379590486,3.9796,4.2775718363,-1.3734983034,4.6689,4.2775718363,-1.3734983034,4.6689,4.3347771051,-1.377011705,4.0203,4.3347771051,-1.377011705,4.0203,4.376807215,-1.352919402,4.3954
'AQR',5.4440115501,-0.1657310527,3.7818,5.6354878559,-0.0972350084,3.0404,5.6354878559,-0.0972350084,3.0404,5.7848229225,-0.0055820216,3.108,5.7848229225,-0.0055820216,3.108,5.8540742823,-0.0242138789,3.8423,5.8540742823,-0.0242138789,3.8423,5.8853811479,-0.0003502047,3.745,5.8853811479,-0.0003502047,3.745,5.9138539234,-0.0020483403,4.0159,5.9138539234,-0.0020483403,4.0159,6.0838783476,-0.1055667167,4.3152,6.0838783476,-0.1055667167,4.3152,5.9891601885,-0.1322903488,3.8072,5.9891601885,-0.1322903488,3.8072,6.0995042095,-0.1602646896,4.3607,6.0995042095,-0.1602646896,4.3607,5.9759717102,-0.2372345337,4.1494,5.9759717102,-0.2372345337,4.1494,5.9980450016,-0.2761243435,3.2964,5.9980450016,-0.2761243435,3.2964,6.1216188254,-0.350817203,4.118,6.1216188254,-0.350817203,4.118,6.0626020265,-0.3695295838,3.8484,5.7876721702,-0.242069145,4.2648,5.8330333615,-0.1358431158,4.3335,5.8330333615,-0.1358431158,4.3335,5.7848229225,-0.0055820216,3.108
'AQL',5.2155358416,0.1118395311,3.8668,5.195749333,0.1547650596,0.8273,5.195749333,0.1547650596,0.8273,5.1760335296,0.185236481,2.8695,5.1760335296,0.185236481,2.8695,5.0854351232,0.0543596572,3.4408,5.0854351232,0.0543596572,3.4408,4.997794846,0.2419673781,2.9935,4.997794846,0.2419673781,2.9935,4.9725440772,0.2629945516,4.184,4.997794846,0.2419673781,2.9935,5.0014554958,-0.0852128124,3.4026,5.0014554958,-0.0852128124,3.4026,5.0854351232,0.0543596572,3.4408,5.0014554958,-0.0852128124,3.4026,5.1344151618,-0.0224545464,4.3265,5.1344151618,-0.0224545464,4.3265,5.2853125576,-0.0143374561,3.2245,5.2853125576,-0.0143374561,3.2245,5.2031438386,0.0175523955,4.044,5.2031438386,0.0175523955,4.044,5.0854351232,0.0543596572,3.4408
'ARA',4.7413235439,-0.8742608091,3.6327,4.5895266472,-0.8705000971,2.7869,4.5895266472,-0.8705000971,2.7869,4.4487749372,-0.9278255832,4.2025,4.4487749372,-0.9278255832,4.2025,4.4445704416,-0.9772108151,3.2393,4.4445704416,-0.9772108151,3.2393,4.4060190813,-1.0304653683,3.876,4.5895266472,-0.8705000971,2.7869,4.5609814586,-0.9691782595,2.9935,4.5609814586,-0.9691782595,2.9935,4.5613932582,-0.9839762802,3.271,4.5613932582,-0.9839762802,3.271,4.5862872742,-1.0591287369,3.5681,4.5613932582,-0.9839762802,3.271,4.4445704416,-0.9772108151,3.2393
'ARI',0.7416914391,0.4757905498,3.5831,0.5548900421,0.4095027186,2.1726,0.5548900421,0.4095027186,2.1726,0.5002076818,0.3631733438,2.7044,0.5002076818,0.3631733438,2.7044,0.4953655907,0.3367454416,3.8584
'AUR',1.3198092592,0.7169095101,3.8549,1.3175878239,0.7648611127,3.1457,1.3175878239,0.7648611127,3.1457,1.3818132039,0.8028345096,0.2385,1.3818132039,0.8028345096,0.2385,1.5687274033,0.9474516638,3.8904,1.5687274033,0.9474516638,3.8904,1.568743343,0.784480729,1.9038,1.568743343,0.784480729,1.9038,1.3818132039,0.8028345096,0.2385,1.3818132039,0.8028345096,0.2385,1.3374217332,0.7196802464,3.116,1.3374217332,0.7196802464,3.116,1.2958790703,0.5788582689,2.8337,1.2958790703,0.5788582689,2.8337,1.4237158306,0.4993015867,1.6151,1.4237158306,0.4993015867,1.6151,1.5695773717,0.6494852553,2.6103,1.5695773717,0.6494852553,2.6103,1.568743343,0.784480729,1.9038
'BOO',3.8447363858,0.2396045866,3.7971,3.7335754203,0.334881044,0.1114,3.7335754203,0.334881044,0.1114,3.6420015586,0.3211159157,2.7957,3.8051637674,0.6685987015,3.098,3.8040802105,0.5300764764,3.7331,3.8040802105,0.5300764764,3.7331,3.7335754203,0.334881044,0.1114,3.7335754203,0.334881044,0.1114,3.8614864893,0.4725334744,2.5167,3.8614864893,0.4725334744,2.5167,3.994629874,0.5814582287,3.6268,3.994629874,0.5814582287,3.6268,3.935484253,0.7049496023,3.6469,3.935484253,0.7049496023,3.6469,3.8051637674,0.6685987015,3.098,3.8051637674,0.6685987015,3.098,3.7366900315,0.8043859341,4.2074,3.7366900315,0.8043859341,4.2074,3.7751485776,0.9049831242,4.1514,3.7751485776,0.9049831242,4.1514,3.7240199201,0.9039058561,4.5711,3.7240199201,0.9039058561,4.5711,3.7366900315,0.8043859341,4.2074
'CAE',1.3282182352,-0.6192929193,4.701,1.2307077369,-0.6482984674,5.1297,1.2307077369,-0.6482984674,5.1297,1.2241901557,-0.7306571369,4.5287,1.2241901557,-0.7306571369,4.5287,1.1817404512,-0.7845908345,5.0008
'CAM',1.8328755476,1.3435098023,4.695,1.6530289548,1.209862836,4.7792,1.6530289548,1.209862836,4.7792,1.2830359363,1.1578978524,4.294,1.2830359363,1.1578978524,4.294,1.0051260843,1.2449846782,4.6368,1.0051260843,1.2449846782,4.6368,1.0014761469,1.1436445542,4.3978,1.0014761469,1.1436445542,4.3978,0.9122352084,1.0461561949,4.3087,1.2830359363,1.1578978524,4.294,1.3239120368,1.0549168193,4.1838,1.3239120368,1.0549168193,4.1838,1.2971592632,0.938150824,4.4473
'CNC',2.2981502385,0.5019567842,4.1992,2.2832697676,0.3746976891,4.6734,2.2832697676,0.3746976891,4.6734,2.2893709279,0.3168621473,4.1036,2.2893709279,0.3168621473,4.1036,2.3495911061,0.2069571695,4.3023,2.2893709279,0.3168621473,4.1036,2.1664589236,0.1603200729,3.6714
'CVN',3.6293750552,0.6011667545,4.7831,3.4799419745,0.7081248058,4.7902,3.4799419745,0.7081248058,4.7902,3.3860726301,0.6687795565,2.8471,3.3860726301,0.6687795565,2.8471,3.2888615374,0.7218117631,4.3682
'CMA',1.9377303527,-0.5114359187,2.4215,1.8692102558,-0.4606483732,1.9628,1.8692102558,-0.4606483732,1.9628,1.7678185359,-0.2916993748,1.0876,1.7678185359,-0.2916993748,1.0876,1.6698428407,-0.3133898686,1.8911,1.6698428407,-0.3133898686,1.8911,1.7308574846,-0.336075528,4.12,1.7308574846,-0.336075528,4.12,1.806994267,-0.4220943209,4.0047,1.806994267,-0.4220943209,4.0047,1.8265995338,-0.505658351,1.416,1.8265995338,-0.505658351,1.416,1.8692102558,-0.4606483732,1.9628,1.7678185359,-0.2916993748,1.0876,1.8157406554,-0.2976527589,4.369,1.8157406554,-0.2976527589,4.369,1.848994038,-0.2728518335,4.0738,1.848994038,-0.2728518335,4.0738,1.8072506712,-0.2101130761,4.2092,1.8072506712,-0.2101130761,4.2092,1.8157406554,-0.2976527589,4.369
'CMI',2.1042819057,0.0407414684,4.5441,2.0041134442,0.0912372189,0.4607,2.0041134442,0.0912372189,0.4607,1.9510651917,0.1446774771,2.8546,1.9510651917,0.1446774771,2.8546,1.9554835764,0.1557794265,4.4592,1.9554835764,0.1557794265,4.4592,1.9445075841,0.161898806,5.1588,1.9445075841,0.161898806,5.1588,1.9510651917,0.1446774771,2.8546
'CAP',5.7030295246,-0.2814616727,2.9409,5.67270857,-0.2908111754,3.766,5.67270857,-0.2908111754,3.766,5.5948548929,-0.2938184194,4.4388,5.5948548929,-0.2938184194,4.4388,5.5237328725,-0.3007675455,4.0838,5.5237328725,-0.3007675455,4.0838,5.3276645317,-0.2579841156,3.2104,5.3276645317,-0.2579841156,3.2104,5.4371199458,-0.4410537256,4.232,5.4371199458,-0.4410537256,4.232,5.4621021643,-0.4698273838,4.2197,5.4621021643,-0.4698273838,4.2197,5.5288893043,-0.4364326346,4.6097,5.5288893043,-0.4364326346,4.6097,5.614144445,-0.3911523446,3.9246,5.614144445,-0.3911523446,3.9246,5.6231102189,-0.3806068602,4.6602,5.6231102189,-0.3806068602,4.6602,5.659580821,-0.3397460288,4.4457,5.659580821,-0.3397460288,4.4457,5.7030295246,-0.2814616727,2.9409,5.3276645317,-0.2579841156,3.2104,5.3147616297,-0.21894909,3.7388
'CAR',1.6753045113,-0.9197137785,0.5536,2.0803409671,-0.9247173375,3.3939,2.0803409671,-0.9247173375,3.3939,2.1926327481,-1.0386373711,1.9996,2.1926327481,-1.0386373711,1.9996,2.4307657471,-1.034548472,2.2822,2.4307657471,-1.034548472,2.2822,2.6925343724,-1.0704509185,3.5298,2.6925343724,-1.0704509185,3.5298,2.7577281295,-1.0766126368,3.3225,2.7577281295,-1.0766126368,3.3225,2.8054296405,-1.1238956867,2.6536,2.8054296405,-1.1238956867,2.6536,2.6779371328,-1.222392336,3.2783,2.6779371328,-1.222392336,3.2783,2.4138078641,-1.2167994397,1.6625,2.4138078641,-1.2167994397,1.6625,2.561717018,-1.1357209802,3.0186,2.561717018,-1.1357209802,3.0186,2.5536223173,-1.0909690686,3.9414,2.7577281295,-1.0766126368,3.3225,2.8514001135,-1.0271832446,3.9412
'CAS',0.0400036499,1.0323660584,2.3579,0.1767427477,0.986763942,2.4107,0.1767427477,0.986763942,2.4107,0.2474368608,1.0597071908,2.1379,0.2474368608,1.0597071908,2.1379,0.3744169753,1.0513061203,2.7146,0.3744169753,1.0513061203,2.7146,0.4991411472,1.1112536973,3.3107
'CEN',3.8383352142,-1.061773585,0.1373,3.681877112,-1.0537072605,0.5366,3.681877112,-1.0537072605,0.5366,3.5774357455,-0.9331640675,2.2097,3.5774357455,-0.9331640675,2.2097,3.6457335522,-0.8253359433,2.4419,3.6457335522,-0.8253359433,2.4419,3.6594297557,-0.7819691374,3.7877,3.6594297557,-0.7819691374,3.7877,3.6576490399,-0.7347959205,3.7448,3.6576490399,-0.7347959205,3.7448,3.8201222336,-0.7357914675,2.2729,3.8201222336,-0.7357914675,2.2729,3.9233328099,-0.7348559006,3.0671,3.6576490399,-0.7347959205,3.7448,3.7548925796,-0.6612226508,4.0385,3.7548925796,-0.6612226508,4.0385,3.6943765794,-0.6347534825,2.2226,3.6943765794,-0.6347534825,2.2226,3.6193981602,-0.727586922,3.3237,3.6193981602,-0.727586922,3.3237,3.6198861585,-0.7413056511,3.3969,3.6198861585,-0.7413056511,3.3969,3.6457335522,-0.8253359433,2.4419,3.6457335522,-0.8253359433,2.4419,3.3227581995,-0.8545112049,2.146,3.3227581995,-0.8545112049,2.146,3.5774357455,-0.9331640675,2.2097,3.3227581995,-0.8545112049,2.146,3.2639410768,-0.8766894414,3.8436,3.2639410768,-0.8766894414,3.8436,3.1924363537,-0.9140012762,3.9086,3.1924363537,-0.9140012762,3.9086,3.018406819,-1.0374597265,5.234,3.2639410768,-0.8766894414,3.8436,3.1780659373,-0.8852730576,2.5241,3.1780659373,-0.8852730576,2.5241,2.9714552059,-0.9510476067,3.8358,3.6193981602,-0.727586922,3.3237,3.5388491118,-0.6877867814,4.0636,3.5388491118,-0.6877867814,4.0636,3.4932812673,-0.6407466857,2.7717,3.4932812673,-0.6407466857,2.7717,3.3155846301,-0.6979090242,4.6037
'CEP',5.3650568295,1.0994551026,4.2715,5.4335931078,1.0792556574,3.5692,5.4335931078,1.0792556574,3.5692,5.5788418042,1.0923222563,2.5141,5.5788418042,1.0923222563,2.5141,5.6228381573,1.2315164467,3.1438,5.6228381573,1.2315164467,3.1438,5.9763645834,1.1554203705,3.6704,5.9763645834,1.1554203705,3.6704,5.8868681523,1.0195373941,4.2767,5.8868681523,1.0195373941,4.2767,5.806947637,1.01580344,3.512,5.806947637,1.01580344,3.512,5.8251584756,0.9955962828,4.2584,5.8251584756,0.9955962828,4.2584,5.6876247903,1.0259054598,3.9123,5.6876247903,1.0259054598,3.9123,5.5788418042,1.0923222563,2.5141,5.6228381573,1.2315164467,3.1438,6.1930813863,1.354933423,3.3767,6.1930813863,1.354933423,3.3767,5.9763645834,1.1554203705,3.6704
'CET',0.7125397178,0.0564818484,3.5001,0.7953450247,0.0713826671,2.6196,0.7953450247,0.0713826671,2.6196,0.7841543489,0.1554634808,4.6767,0.7841543489,0.1554634808,4.6767,0.7196845878,0.1765264478,4.3439,0.7196845878,0.1765264478,4.3439,0.6464639924,0.1476564024,4.2725,0.6464639924,0.1476564024,4.2725,0.7125397178,0.0564818484,3.5001,0.7125397178,0.0564818484,3.5001,0.695873557,0.0057336988,4.0081,0.695873557,0.0057336988,4.0081,0.6080135631,-0.0519595123,4.9898,0.6080135631,-0.0519595123,4.9898,0.4863367693,-0.1803788229,3.9067,0.4863367693,-0.1803788229,3.9067,0.4541584879,-0.2781977287,3.6295,0.4541584879,-0.2781977287,3.6295,0.1901847668,-0.3139268585,2.2061,0.1901847668,-0.3139268585,2.2061,0.0847708677,-0.1540048781,3.7314,0.0847708677,-0.1540048781,3.7314,0.2992704213,-0.1777081665,3.6235,0.2992704213,-0.1777081665,3.6235,0.3666246783,-0.1428159978,3.7757,0.3666246783,-0.1428159978,3.7757,0.4863367693,-0.1803788229,3.9067
'CHA',2.1844895752,-1.3523609778,4.5099,2.1752087028,-1.3425069551,4.1488,2.1752087028,-1.3425069551,4.1488,2.7727622778,-1.3719651655,4.2102,2.7727622778,-1.3719651655,4.2102,3.1399703424,-1.3652282733,4.8769,3.1399703424,-1.3652282733,4.8769,3.221655562,-1.3842602319,4.2039,3.221655562,-1.3842602319,4.2039,2.8177712235,-1.4056917193,4.3818,2.8177712235,-1.4056917193,4.3818,2.1844895752,-1.3523609778,4.5099
'CIR',4.0034188011,-1.0262689373,4.1042,3.8506824826,-1.1340201681,3.2465,3.8506824826,-1.1340201681,3.2465,4.0289949683,-1.0353414981,4.537
'COL',1.6672872363,-0.5835730521,3.9932,1.5313484549,-0.6242919202,3.2833,1.5313484549,-0.6242919202,3.2833,1.4819983319,-0.5947043514,2.6124,1.4819983319,-0.5947043514,2.6124,1.4451861014,-0.6190758935,4.0314,1.5313484549,-0.6242919202,3.2833,1.5670722719,-0.7472645958,4.1205
'COM',3.4469925602,0.3059407189,4.4292,3.4552372412,0.4865286405,4.3607,3.4552372412,0.4865286405,4.3607,3.2591353191,0.493380489,4.5164
'CRA',5.0021892252,-0.6468671394,4.3123,5.0155147273,-0.6615537802,4.126,5.0155147273,-0.6615537802,4.126,5.0179490454,-0.6866248598,4.2728,5.0179490454,-0.6866248598,4.2728,5.0106172448,-0.7067996639,4.7339,5.0106172448,-0.7067996639,4.7339,4.8585719418,-0.7384917231,4.7824
'CRB',4.0706747501,0.547320507,4.112,4.0484258681,0.5079866628,3.7373,4.0484258681,0.5079866628,3.7373,4.0783391856,0.4662631477,2.221,4.0783391856,0.4662631477,2.221,4.113496567,0.4589433025,3.8233,4.113496567,0.4589433025,3.8233,4.1433896828,0.4549820177,4.7388,4.1433896828,0.4549820177,4.7388,4.1782674598,0.4691100516,4.2992,4.1782674598,0.4691100516,4.2992,4.1505338533,0.6223534607,4.959
'CRV',3.2105671816,-0.3061653709,2.5477,3.1857731851,-0.3947898488,3.1761,3.1857731851,-0.3947898488,3.1761,3.2916352739,-0.408348104,2.8099,3.2916352739,-0.408348104,2.8099,3.2719093518,-0.2882427674,2.9449,3.2719093518,-0.2882427674,2.9449,3.2105671816,-0.3061653709,2.5477
'CRT',3.1242108904,-0.2993380834,5.1725,3.0751071768,-0.3202786432,4.876,3.0751071768,-0.3202786432,4.876,2.9883660728,-0.3086443251,4.1269,2.9883660728,-0.3086443251,4.1269,2.9641888635,-0.2579429748,3.7179,2.9641888635,-0.2579429748,3.7179,2.9871750427,-0.1895319816,4.9202,2.9871750427,-0.1895319816,4.9202,3.0398507578,-0.1710816023,4.6695,2.9883660728,-0.3086443251,4.1269,2.9306613406,-0.3983819823,4.4775,2.9306613406,-0.3983819823,4.4775,2.8788296167,-0.3193794981,4.2458,2.8788296167,-0.3193794981,4.2458,2.9641888635,-0.2579429748,3.7179
'CRU',3.2576527881,-1.1012862951,0.6739,3.2775777484,-0.9968023763,1.6299,3.2076793268,-1.0253617674,2.7066,3.3498190466,-1.0417649114,1.1537
'CYG',5.4167684854,0.7902909202,1.2966,5.3329771576,0.7026116358,2.3548,5.3329771576,0.7026116358,2.3548,5.2198722715,0.6123224263,4.0619,5.2198722715,0.6123224263,4.0619,5.1082358543,0.487988736,3.2177,5.5542326582,0.5275620911,3.3743,5.4376047148,0.5928788067,2.6429,5.4376047148,0.5928788067,2.6429,5.3329771576,0.7026116358,2.3548,5.3329771576,0.7026116358,2.3548,5.1704246155,0.7876791647,2.8683,5.1704246155,0.7876791647,2.8683,5.1038037418,0.9028495279,3.8136,5.1038037418,0.9028495279,3.8136,5.0488091876,0.9314501204,3.9512,5.5542326582,0.5275620911,3.3743,5.4854543272,0.718503078,3.9504,5.4854543272,0.718503078,3.9504,5.4167684854,0.7902909202,1.2966,5.4167684854,0.7902909202,1.2966,5.3034969672,0.8327699897,4.0955,5.3034969672,0.8327699897,4.0955,5.1038037418,0.9028495279,3.8136
'DEL',5.3809057021,0.1972803573,3.9978,5.3998210942,0.2547343921,3.723,5.3998210942,0.2547343921,3.723,5.4089393078,0.2777177099,3.765,5.4089393078,0.2777177099,3.765,5.4395744565,0.2814304147,4.4364,5.4395744565,0.2814304147,4.4364,5.4256138327,0.2631028406,4.504,5.4256138327,0.2631028406,4.504,5.3998210942,0.2547343921,3.723
'DOR',1.1171191805,-0.8986193425,4.3338,1.1955300582,-0.9607165832,3.2372,1.1955300582,-0.9607165832,3.2372,1.3330454212,-1.0030928961,4.8191,1.3330454212,-1.0030928961,4.8191,1.4557148642,-1.0906537318,3.903,1.4557148642,-1.0906537318,3.903,1.1955300582,-0.9607165832,3.2372,1.4557148642,-1.0906537318,3.903,1.5450454619,-1.1011460457,4.8015,1.5450454619,-1.1011460457,4.8015,1.5043588521,-1.1473016199,4.3927,1.5043588521,-1.1473016199,4.3927,1.4557148642,-1.0906537318,3.903
'DRA',3.0168225896,1.2100563449,3.9165,3.2876943477,1.2180340414,3.8414,3.2876943477,1.2180340414,3.8414,3.6843483047,1.1235698204,3.6452,3.6843483047,1.1235698204,3.6452,4.0357673053,1.0291512588,3.4638,4.0357673053,1.0291512588,3.4638,4.1970589736,1.0221422574,4.119,4.1970589736,1.0221422574,4.119,4.2934740901,1.0736231529,2.8717,4.2934740901,1.0736231529,2.8717,4.4889304721,1.1469367756,3.1359,4.4889304721,1.1469367756,3.1359,4.8029600357,1.2450782239,4.2004,4.8029600357,1.2450782239,4.2004,4.804188834,1.269442503,3.6666,4.8029600357,1.2450782239,4.2004,5.0289593472,1.1809127583,3.2296,5.0289593472,1.1809127583,3.2296,5.1843706449,1.2264050852,3.9974,5.0289593472,1.1809127583,3.2296,4.6841458792,0.992611542,3.8948,4.6841458792,0.992611542,3.8948,4.5913706814,0.9629471345,4.9413,4.5913706814,0.9629471345,4.9413,4.5833783766,0.9128309154,2.9466,4.5833783766,0.9128309154,2.9466,4.6975811581,0.8986517235,2.3617,4.6975811581,0.8986517235,2.3617,4.6841458792,0.992611542,3.8948
'EQU',5.5668292305,0.0915961702,4.0423,5.5609673499,0.174667643,4.5928,5.5609673499,0.174667643,4.5928,5.5429090802,0.1768358642,4.7812
'ERI',1.3432514979,-0.0887720313,2.8258,1.2457390124,-0.0568039198,3.9696,1.2457390124,-0.0568039198,3.9696,1.2056691238,-0.0585112558,3.8713,1.2056691238,-0.0585112558,3.8713,1.0989707973,-0.1193417512,4.1285,1.0989707973,-0.1193417512,4.1285,1.0385967149,-0.235763342,3.0703,1.0385967149,-0.235763342,3.0703,0.9867293402,-0.2112151254,4.5239,0.9867293402,-0.2112151254,4.5239,0.9741086905,-0.1704348693,3.6796,0.9741086905,-0.1704348693,3.6796,0.9291276019,-0.165078582,3.8652,0.9291276019,-0.165078582,3.8652,0.7698068323,-0.1552925886,4.0583,0.7698068323,-0.1552925886,4.0583,0.7161198247,-0.2418795264,4.2067,0.7161198247,-0.2418795264,4.2067,0.7203832993,-0.3241538951,4.5718,0.7203832993,-0.3241538951,4.5718,0.7958405515,-0.4123224482,4.1328,0.7958405515,-0.4123224482,4.1328,0.8705534791,-0.3797477351,3.7303,0.8705534791,-0.3797477351,3.7303,0.9328237929,-0.377563861,4.2359,0.9328237929,-0.377563861,4.2359,0.9898190548,-0.4057617865,4.3164,0.9898190548,-0.4057617865,4.3164,1.0197582812,-0.429564146,4.5955,1.0197582812,-0.429564146,4.5955,1.0468685617,-0.4191627529,4.5935,1.0468685617,-0.4191627529,4.5935,1.1934146542,-0.5195117688,4.6619,1.1934146542,-0.5195117688,4.6619,1.2023189036,-0.5334129483,3.973,1.2023189036,-0.5334129483,3.973,1.1520747736,-0.5937084108,4.0941,1.1520747736,-0.5937084108,4.0941,1.1252732932,-0.5898921671,3.5167,1.1252732932,-0.5898921671,3.5167,1.0011849147,-0.6318111537,4.328,1.0011849147,-0.6318111537,4.328,0.9472540408,-0.7029228145,4.7322,0.9472540408,-0.7029228145,4.7322,0.8721719177,-0.7517403453,4.395,0.8721719177,-0.7517403453,4.395,0.7778143958,-0.7034503238,2.9378,0.7778143958,-0.7034503238,2.9378,0.7010356176,-0.6956063706,4.2751,0.7010356176,-0.6956063706,4.2751,0.6972531912,-0.7486002179,4.7613,0.6972531912,-0.7486002179,4.7613,0.6413434159,-0.8325888425,4.2002,0.6413434159,-0.8325888425,4.2002,0.5059151382,-0.9007572172,3.8511,0.5059151382,-0.9007572172,3.8511,0.4263513349,-0.9989681672,0.4233
'FOR',0.8380692937,-0.5059553529,3.9821,0.7377913574,-0.5655963496,4.6193,0.7377913574,-0.5655963496,4.6193,0.5431922819,-0.5113263085,4.6405
'GEM',2.0303534384,0.4891513905,1.2947,1.9893387913,0.4694238089,4.1682,1.9893387913,0.4694238089,4.1682,1.9203995423,0.3836642074,3.6031,1.9203995423,0.3836642074,3.6031,1.9115432695,0.2886857528,3.6148,1.9115432695,0.2886857528,3.6148,1.7684136731,0.2250786224,3.4417,1.9203995423,0.3836642074,3.6031,1.8505242699,0.3590194508,4.1689,1.8505242699,0.3590194508,4.1689,1.7353446674,0.2862237699,1.929,1.9835670383,0.5565616766,1.5811,1.8812025158,0.5278797345,4.5603,1.8812025158,0.5278797345,4.5603,1.7624865547,0.4386214075,3.1915,1.7624865547,0.4386214075,3.1915,1.697172009,0.3527688585,4.0991,1.7624865547,0.4386214075,3.1915,1.6709775899,0.3929408129,2.9141,1.6709775899,0.3929408129,2.9141,1.6357150549,0.3928181795,3.2945,1.6357150549,0.3928181795,3.2945,1.5887744152,0.4060269757,4.3198,2.0265358685,0.4258276839,3.7285,1.9893387913,0.4694238089,4.1682,1.9893387913,0.4694238089,4.1682,1.9448550159,0.4851716099,3.9507,1.9448550159,0.4851716099,3.9507,1.8812025158,0.5278797345,4.5603,1.8812025158,0.5278797345,4.5603,1.8011317943,0.5927377222,3.6405
'GRU',6.0252310587,-0.9207328357,4.2774,5.971440205,-0.8956454387,3.519,5.971440205,-0.8956454387,3.519,5.9457502519,-0.8182900416,2.0699,5.9457502519,-0.8182900416,2.0699,5.8872976637,-0.7591406325,4.1394,5.8872976637,-0.7591406325,4.1394,5.8277187112,-0.7216369277,4.9496,5.8277187112,-0.7216369277,4.9496,5.7862685206,-0.6901563983,4.6247,5.7862685206,-0.6901563983,4.6247,5.7565234886,-0.6701207948,5.6691,5.7565234886,-0.6701207948,5.6691,5.7330905586,-0.6521391882,2.9763,5.9457502519,-0.8182900416,2.0699,5.7955022402,-0.8196173671,1.6983,5.7955022402,-0.8196173671,1.6983,5.8872976637,-0.7591406325,4.1394
'HER',4.6227875849,0.8029618018,3.7497,4.6960395059,0.6501442499,4.0284,4.6960395059,0.6501442499,4.0284,4.5539256612,0.6483186784,4.1529,4.5539256612,0.6483186784,4.1529,4.5162470062,0.6424409577,3.3121,4.5162470062,0.6424409577,3.3121,4.3759577535,0.6793250957,3.6411,4.3759577535,0.6793250957,3.6411,4.3375932894,0.7406635595,4.2022,4.3375932894,0.7406635595,4.2022,4.2749256882,0.8083190661,3.8472,4.2749256882,0.8083190661,3.8472,4.2270565043,0.7842605223,4.2233,4.2270565043,0.7842605223,4.2233,4.1568066407,0.7408920569,4.7198,4.5162470062,0.6424409577,3.3121,4.4518554078,0.5397664446,3.9111,4.4518554078,0.5397664446,3.9111,4.3689574263,0.5515569741,2.9338,4.3689574263,0.5515569741,2.9338,4.3759577535,0.6793250957,3.6411,4.4518554078,0.5397664446,3.9111,4.5161793708,0.4335325833,3.1501,4.5161793708,0.4335325833,3.1501,4.5145022838,0.251157294,2.9137,4.5145022838,0.251157294,2.9137,4.3206543171,0.3750651255,2.9378,4.3206543171,0.3750651255,2.9378,4.3689574263,0.5515569741,2.9338,4.7452993989,0.5019998075,3.8384,4.7026319059,0.5104725974,3.8533,4.7026319059,0.5104725974,3.8533,4.6533182298,0.4838488873,3.5596,4.6533182298,0.4838488873,3.5596,4.5847107282,0.4557160166,4.5456,4.5847107282,0.4557160166,4.5456,4.5161793708,0.4335325833,3.1501,4.3206543171,0.3750651255,2.9378,4.2844374235,0.334283292,3.8125,4.2844374235,0.334283292,3.8125,4.2996862206,0.2449292949,4.5821,4.2996862206,0.2449292949,4.5821,4.3310635082,0.2005075044,4.9576
'HOR',1.1082899881,-0.7381673341,4.0124,0.8615092127,-0.8334250433,5.9976,0.8615092127,-0.8334250433,5.9976,0.7092696982,-0.8866416903,5.518,0.7092696982,-0.8866416903,5.518,0.6868063229,-0.917049891,5.3735,0.6868063229,-0.917049891,5.3735,0.7010100259,-0.9520757836,5.3052,0.7010100259,-0.9520757836,5.3052,0.8011718486,-1.0426181562,5.2076,0.8011718486,-1.0426181562,5.2076,0.7801451628,-1.1182550943,5.021
'HYA',3.8846278055,-0.4879978929,4.5608,3.0238017656,-0.5560186839,3.7025,3.0238017656,-0.5560186839,3.7025,3.4859499991,-0.4044174415,3.1521,3.4859499991,-0.4044174415,3.1521,3.110653874,-0.5918085159,4.2517,3.110653874,-0.5918085159,4.2517,3.0238017656,-0.5560186839,3.7025,2.8345188462,-0.2826409277,3.2707,2.7318406159,-0.2938453052,3.9567,2.7318406159,-0.2938453052,3.9567,2.6642012413,-0.215615174,3.7748,2.6642012413,-0.215615174,3.7748,2.580809816,-0.2591211793,4.2725,2.580809816,-0.2591211793,4.2725,2.4765677899,-0.1511225285,2.135,2.4765677899,-0.1511225285,2.135,2.5300972095,-0.0199431384,4.052,2.5300972095,-0.0199431384,4.052,2.4188658557,0.0404048092,3.8713,2.4188658557,0.0404048092,3.8713,2.3361002832,0.103769036,3.2803,2.3361002832,0.103769036,3.2803,2.2985001691,0.1120310795,3.5004,2.2985001691,0.1120310795,3.5004,2.2587038464,0.099550065,4.1512,2.2587038464,0.099550065,4.1512,2.2635065148,0.0583197377,4.6208,2.2635065148,0.0583197377,4.6208,2.2829987501,0.0593179049,4.2274,2.2829987501,0.0593179049,4.2274,2.3057239852,0.101890313,4.3465
'HYI',0.1119339317,-1.3483547235,2.9305,0.5182080074,-1.0745979068,2.9305,0.5182080074,-1.0745979068,2.9305,0.9915092884,-1.2957192138,3.342,0.9915092884,-1.2957192138,3.342,0.1119339317,-1.3483547235,2.9305
'IND',5.3999025096,-0.8253952181,3.2707,5.5844633843,-0.9328656395,4.4458,5.5844633843,-0.9328656395,4.4458,5.7504985214,-0.9598013507,4.4784,5.7504985214,-0.9598013507,4.4784,5.4751400131,-1.0202164157,3.834,5.4751400131,-1.0202164157,3.834,5.3999025096,-0.8253952181,3.2707
'LAC',5.829266635,0.6588397086,4.29,5.8201422938,0.6931555752,4.649,5.8201422938,0.6931555752,4.649,5.8926141911,0.7526451369,4.4912,5.8926141911,0.7526451369,4.4912,5.9363580132,0.7727668788,4.6569,5.9363580132,0.7727668788,4.6569,5.8884371236,0.8326423929,4.428,5.8884371236,0.8326423929,4.428,5.8513274593,0.8122162789,4.5201,5.8513274593,0.8122162789,4.5201,5.8926141911,0.7526451369,4.4912,5.8884371236,0.8326423929,4.428,5.8961131509,0.8775943054,3.782,5.8961131509,0.8775943054,3.782,5.8623890691,0.9115767363,4.5867,5.8623890691,0.9115767363,4.5867,5.8665603547,0.8635260945,4.6112,5.8665603547,0.8635260945,4.6112,5.8884371236,0.8326423929,4.428
'LEO',2.972022865,0.1052320645,4.0345,2.9841762309,0.1837778952,4.0331,2.9841762309,0.1837778952,4.0331,2.9419299658,0.2693001643,3.3288,2.9419299658,0.2693001643,3.3288,3.0938781373,0.2543352565,2.1605,3.0938781373,0.2543352565,2.1605,2.9413460901,0.3582119659,2.5932,2.9413460901,0.3582119659,2.5932,2.9419299658,0.2693001643,3.3288,2.9419299658,0.2693001643,3.3288,2.6499882042,0.2925637063,3.5034,2.6499882042,0.2925637063,3.5034,2.6545337495,0.2088669583,1.3232,2.6499882042,0.2925637063,3.5034,2.5562603005,0.4149394314,3.1168,2.5562603005,0.4149394314,3.1168,2.4946020316,0.4008683656,4.4252,2.4946020316,0.4008683656,4.4252,2.4637707171,0.4569697974,4.6163,2.4637707171,0.4569697974,4.6163,2.5864294232,0.4539092653,4.0498,2.5864294232,0.4539092653,4.0498,2.5562603005,0.4149394314,3.1168,2.5864294232,0.4539092653,4.0498,2.6908180521,0.4087094811,3.5096,2.6908180521,0.4087094811,3.5096,2.7051266664,0.3463057904,2.1684,2.7051266664,0.3463057904,2.1684,2.6499882042,0.2925637063,3.5034,2.7051266664,0.3463057904,2.1684,2.9413460901,0.3582119659,2.5932
'LMI',2.5055202786,0.6352581938,4.697,2.6504079273,0.6151359185,4.5375,2.6504079273,0.6151359185,4.5375,2.7396645982,0.6406663534,4.3599,2.7396645982,0.6406663534,4.3599,2.8506055401,0.5971742861,3.9531,2.8506055401,0.5971742861,3.9531,2.731067001,0.5898560751,4.7931,2.731067001,0.5898560751,4.7931,2.6504079273,0.6151359185,4.5375
'LEP',1.4518095186,-0.3110576781,2.6426,1.5138803932,-0.2586917834,3.5778,1.5138803932,-0.2586917834,3.5778,1.5551115116,-0.2472789146,3.7888,1.5551115116,-0.2472789146,3.7888,1.5976550551,-0.2606699208,4.689,1.5976550551,-0.2606699208,4.689,1.5329192531,-0.3643813549,3.9262,1.5329192531,-0.3643813549,3.9262,1.503017555,-0.3917825525,3.6977,1.503017555,-0.3917825525,3.6977,1.4322409127,-0.3623169486,2.9674,1.4322409127,-0.3623169486,2.9674,1.4518095186,-0.3110576781,2.6426,1.4518095186,-0.3110576781,2.6426,1.365420021,-0.2828380962,3.2528,1.365420021,-0.2828380962,3.2528,1.3328244678,-0.3904451062,3.3215,1.3328244678,-0.3904451062,3.3215,1.4322409127,-0.3623169486,2.9674,1.3944108819,-0.2299781465,4.202,1.365420021,-0.2828380962,3.2528,1.365420021,-0.2828380962,3.2528,1.3667298829,-0.2258680976,4.3328
'LIB',4.0956612056,-0.5197187224,3.5999,4.088539851,-0.4910496278,3.7471,4.088539851,-0.4910496278,3.7471,4.0820007355,-0.2581264056,4.0672,4.0820007355,-0.2581264056,4.0672,4.0012016219,-0.1637619163,2.5739,4.0012016219,-0.1637619163,2.5739,3.8871956548,-0.2799789166,2.7892,3.8871956548,-0.2799789166,2.7892,4.0820007355,-0.2581264056,4.0672,3.8871956548,-0.2799789166,2.7892,3.9447540497,-0.4412516273,3.3093
'LUP',3.8481436648,-0.8270790906,2.2296,3.9806017454,-0.9093003916,3.5711,3.9806017454,-0.9093003916,3.5711,4.1893240195,-0.6701478078,3.3398,4.1893240195,-0.6701478078,3.3398,4.1493415357,-0.5869036996,3.9547,4.1493415357,-0.5869036996,3.9547,4.0221430016,-0.6328767628,3.6909,4.0221430016,-0.6328767628,3.6909,4.1893240195,-0.6701478078,3.3398,4.1893240195,-0.6701478078,3.3398,4.0803223879,-0.718494371,2.7,4.0803223879,-0.718494371,2.7,4.0259573134,-0.7799801258,3.3138,4.0259573134,-0.7799801258,3.3138,4.0078612798,-0.8355797189,4.2229,4.0078612798,-0.8355797189,4.2229,3.9806017454,-0.9093003916,3.5711,4.0803223879,-0.718494371,2.7,4.0202449707,-0.7094319926,3.1417,4.0202449707,-0.7094319926,3.1417,3.9205879287,-0.752827999,2.5982
'LYN',2.4480758091,0.6002628077,3.252,2.4384189434,0.6423317424,3.8299,2.4384189434,0.6423317424,3.8299,2.3846861185,0.6711183742,4.7278,2.3846861185,0.6711183742,4.7278,2.3590125941,0.7292586395,4.0591,2.3590125941,0.7292586395,4.0591,2.1940337769,0.7537792972,4.3649,2.1940337769,0.7537792972,4.3649,1.9491590555,0.8589052354,4.6188,1.9491590555,0.8589052354,4.6188,1.8207128213,1.0196747522,4.5021,1.8207128213,1.0196747522,4.5021,1.6564185904,1.0299345941,4.4594
'LYR',4.9695795758,0.5705403298,3.2342,4.9502110872,0.6440021457,4.2177,4.9502110872,0.6440021457,4.2177,4.907744845,0.6563319405,4.3992,4.907744845,0.6563319405,4.3992,4.9058541819,0.6923717076,4.7286,4.9058541819,0.6923717076,4.7286,4.8735545728,0.6768909262,0.0868,4.8735545728,0.6768909262,0.0868,4.907744845,0.6563319405,4.3992,4.907744845,0.6563319405,4.3992,4.9309037606,0.5822885787,3.5618
'MEN',1.6154624555,-1.3046777354,5.2164,1.448089639,-1.3324133806,5.3394,1.448089639,-1.3324133806,5.3394,1.2879904203,-1.3078974241,5.5916,1.2879904203,-1.3078974241,5.5916,1.3208509872,-1.2446697928,5.4696
'MIC',5.5760540002,-0.5615158002,4.7454,5.5034203151,-0.5630042423,4.8136,5.5034203151,-0.5630042423,4.8136,5.4540142558,-0.5895665123,5.0571,5.4540142558,-0.5895665123,5.0571,5.4475361536,-0.7677401853,5.1917,5.4475361536,-0.7677401853,5.1917,5.588368537,-0.712260284,4.8277,5.588368537,-0.712260284,4.8277,5.5760540002,-0.5615158002,4.7454
'MON',2.0125738273,-0.1666978497,4.0986,2.1318947824,-0.0520767303,4.522,2.1318947824,-0.0520767303,4.522,1.8843636578,-0.008600645,4.1544,1.8843636578,-0.008600645,4.1544,1.779629103,0.042100637,4.6471,1.779629103,0.042100637,4.6471,1.7143663549,0.127984629,4.5019,1.7143663549,0.127984629,4.5019,1.749595213,0.1727135988,4.5554,1.7143663549,0.127984629,4.5019,1.6745050725,0.08016016,4.4559,1.6745050725,0.08016016,4.4559,1.779629103,0.042100637,4.6471,1.8843636578,-0.008600645,4.1544,1.6965381174,-0.1227499079,3.7921,1.6965381174,-0.1227499079,3.7921,1.6356161402,-0.1095146552,4.1465
'MUS',3.0788020574,-1.164638027,3.684,3.2182879714,-1.1861374812,4.0506,3.2182879714,-1.1861374812,4.0506,3.303841641,-1.2066426928,2.6109,3.303841641,-1.2066426928,2.6109,3.3435323214,-1.1887104886,2.9789,3.3435323214,-1.1887104886,2.9789,3.4132660849,-1.2487621175,3.7698,3.4132660849,-1.2487621175,3.7698,3.2832632867,-1.2589579249,3.7903,3.2832632867,-1.2589579249,3.7903,3.303841641,-1.2066426928,2.6109
'NOR',4.2753707293,-0.8753765045,4.176,4.3074033577,-0.8299867129,4.5129,4.3074033577,-0.8299867129,4.5129,4.2171098823,-0.7884223741,4.7948,4.2171098823,-0.7884223741,4.7948,4.2028153991,-0.8592207186,4.8061,4.2028153991,-0.8592207186,4.8061,4.2753707293,-0.8753765045,4.176
'OCT',5.6787539579,-1.350700923,3.8981,5.9605701466,-1.4203771718,4.1964,5.9605701466,-1.4203771718,4.1964,3.7826914176,-1.4602795126,4.4667,3.7826914176,-1.4602795126,4.4667,5.6787539579,-1.350700923,3.8981
'OPH',4.7081418325,-0.1705771307,3.4871,4.6595617998,0.0472540679,3.7637,4.6595617998,0.0472540679,3.7637,4.6402761139,0.0797077386,2.9279,4.6402761139,0.0797077386,2.9279,4.6030153679,0.2192234059,2.1262,4.6030153679,0.2192234059,2.1262,4.4404281814,0.1636256036,3.3612,4.4404281814,0.1636256036,3.3612,4.3236780648,0.034629094,3.8247,4.3236780648,0.034629094,3.8247,4.2513868978,-0.0644720376,2.8283,4.6402761139,0.0797077386,2.9279,4.4958708926,-0.2744556024,2.4393,4.4958708926,-0.2744556024,2.4393,4.3509262017,-0.184431591,2.5708,4.3509262017,-0.184431591,2.5708,4.4404281814,0.1636256036,3.3612,4.4958708926,-0.2744556024,2.4393,4.5466251777,-0.4363233803,3.1931,4.5466251777,-0.4363233803,3.1931,4.5699456949,-0.5212722448,4.3741,4.3509262017,-0.184431591,2.5708,4.3246637183,-0.289945265,4.4439,4.3246637183,-0.289945265,4.4439,4.3067045266,-0.322121404,4.287,4.3067045266,-0.322121404,4.287,4.3004273671,-0.409229409,4.6152
'ORI',1.5173738329,-0.1687663889,2.0065,1.4868405212,-0.0339043911,1.6812,1.4868405212,-0.0339043911,1.6812,1.4670083233,-0.0209774132,1.6235,1.4670083233,-0.0209774132,1.6235,1.4486523477,-0.0052201652,2.1361,1.4486523477,-0.0052201652,2.1361,1.3724302998,-0.1431456148,0.193,1.4868405212,-0.0339043911,1.6812,1.5497279598,0.1292771753,0.4997,1.5497279598,0.1292771753,0.4997,1.5811948901,0.1683783322,4.1792,1.5811948901,0.1683783322,4.1792,1.6228941691,0.2479905929,4.3991,1.6228941691,0.2479905929,4.3991,1.5878993645,0.3514824043,4.6946,1.5811948901,0.1683783322,4.1792,1.6038355394,0.2577593535,4.3588,1.6038355394,0.2577593535,4.3588,1.5462951088,0.3538901962,4.5219,1.5497279598,0.1292771753,0.4997,1.4623152277,0.1733838532,3.3298,1.4623152277,0.1733838532,3.3298,1.4186521954,0.1108237749,1.5493,1.4186521954,0.1108237749,1.5493,1.5497279598,0.1292771753,0.4997,1.4486523477,-0.0052201652,2.1361,1.4186521954,0.1108237749,1.5493,1.4186521954,0.1108237749,1.5493,1.2646465369,0.1214966851,3.2862,1.2646465369,0.1214966851,3.2862,1.2706263129,0.0978274735,3.6236,1.2706263129,0.0978274735,3.6236,1.283914792,0.0425977554,3.647,1.283914792,0.0425977554,3.647,1.3026630561,0.0299155508,4.6307,1.2646465369,0.1214966851,3.2862,1.2680342178,0.1553387203,4.3669,1.2680342178,0.1553387203,4.3669,1.2867224783,0.1771709011,4.6861,1.2867224783,0.1771709011,4.6861,1.2931668783,0.2358738845,4.2355,1.2931668783,0.2358738845,4.2355,1.3289328455,0.2688536675,4.6541
'PAV',5.2385616252,-1.2725227738,3.9531,5.2739384964,-1.1550470499,3.6876,5.2739384964,-1.1550470499,3.6876,4.9001670491,-1.2466490398,4.1674,5.2739384964,-1.1550470499,3.6876,5.3478960649,-0.990210468,1.8583,5.3478960649,-0.990210468,1.8583,5.6131601046,-1.1408893452,4.3296,5.6131601046,-1.1408893452,4.3296,5.4321595407,-1.1554644831,3.4733,5.4321595407,-1.1554644831,3.4733,5.2739384964,-1.1550470499,3.6876,5.2739384964,-1.1550470499,3.6876,4.9402298308,-1.0853776876,4.1657,4.9402298308,-1.0853776876,4.1657,4.813735949,-1.0732711118,4.4875,4.813735949,-1.0732711118,4.4875,4.7498256304,-1.1112170736,4.3993,4.7498256304,-1.1112170736,4.3993,4.9608831877,-1.1734465592,4.4996,4.9608831877,-1.1734465592,4.4996,5.2739384964,-1.1550470499,3.6876,4.7498256304,-1.1112170736,4.3993,4.6501390773,-1.1296422722,3.77
'PEG',5.8031654165,0.5790700101,4.3853,5.947218774,0.527461319,3.0897,5.947218774,0.527461319,3.0897,6.0378453479,0.4901312897,2.4861,6.0378453479,0.4901312897,2.4861,5.9777599832,0.4293803987,3.6685,5.9777599832,0.4293803987,3.6685,5.9626150389,0.4112986917,4.132,5.9626150389,0.4112986917,4.132,5.7901643051,0.4423545037,3.8678,5.7901643051,0.4423545037,3.8678,5.6925880016,0.4475897395,4.2347,5.6905834997,0.172351396,2.546,5.8040793159,0.1081718284,3.5534,5.8040793159,0.1081718284,3.5534,5.9404953522,0.189043435,3.3887,5.9404953522,0.189043435,3.3887,6.042156569,0.2653837274,2.4784,6.042156569,0.2653837274,2.4784,0.0577522202,0.2650040933,2.7544,0.0577522202,0.2650040933,2.7544,0.0365914186,0.5077307372,2.0371,0.0365914186,0.5077307372,2.0371,6.0378453479,0.4901312897,2.4861,6.0378453479,0.4901312897,2.4861,6.042156569,0.2653837274,2.4784
'PER',1.0759267798,0.8787968474,4.2801,1.1267973223,0.8778245079,4.6223,1.1267973223,0.8778245079,4.6223,1.1122007158,0.8449029494,4.287,1.1122007158,0.8449029494,4.287,1.0849892614,0.8327418533,3.9864,1.0849892614,0.8327418533,3.9864,0.9726925032,0.8340518896,2.9703,0.9726925032,0.8340518896,2.9703,0.8915249885,0.8702428603,1.8972,0.8915249885,0.8702428603,1.8972,0.8248777536,0.8659189314,4.1758,0.8248777536,0.8659189314,4.1758,0.7164349764,0.8592023127,4.2097,0.7164349764,0.8592023127,4.2097,0.4523031868,0.8846858499,3.9801,0.8915249885,0.8702428603,1.8972,0.8063268603,0.9338637261,3.0586,0.8063268603,0.9338637261,3.0586,0.7448041834,0.9755610262,3.896,0.7448041834,0.9755610262,3.896,0.7603426742,0.9208791633,4.0759,0.7603426742,0.9208791633,4.0759,0.8248777536,0.8659189314,4.1758,0.7603426742,0.9208791633,4.0759,0.8063268603,0.9338637261,3.0586,0.9726925032,0.8340518896,2.9703,1.0378325027,0.6983110005,2.8348,1.0378325027,0.6983110005,2.8348,0.8210414333,0.7148109521,2.0969,0.8210414333,0.7148109521,2.0969,0.8268227679,0.7829178619,3.9564,0.8268227679,0.7829178619,3.9564,0.8248777536,0.8659189314,4.1758,0.8210414333,0.7148109521,2.0969,0.8079781482,0.6778951858,3.2889,1.0378325027,0.6983110005,2.8348,1.0426814891,0.6246712676,4.0307,1.0426814891,0.6246712676,4.0307,1.0215934628,0.5564748061,2.898
'PHE',0.2883508108,-0.8153915713,3.4646,0.3855680843,-0.7560369968,3.5329,0.3855680843,-0.7560369968,3.5329,0.3981518924,-0.8564867686,4.0987,0.3981518924,-0.8564867686,4.0987,0.2983829537,-0.9642216752,3.9219,0.2983829537,-0.9642216752,3.9219,0.2883508108,-0.8153915713,3.4646,0.2883508108,-0.8153915713,3.4646,0.1146730467,-0.7383636553,2.5512,0.1146730467,-0.7383636553,2.5512,0.0410545044,-0.7984355691,4.0452,0.0410545044,-0.7984355691,4.0452,0.2883508108,-0.8153915713,3.4646
'PIC',1.7810748356,-1.0810914905,3.3114,1.5264051001,-0.9802901529,4.6622,1.5264051001,-0.9802901529,4.6622,1.5153154641,-0.8912822871,3.9077
'PSC',0.321790363,0.4290676311,4.834,0.3467371309,0.4758480839,4.7736,0.3467371309,0.4758480839,4.7736,0.3126747653,0.5251648498,4.6751,0.3126747653,0.5251648498,4.6751,0.321790363,0.4290676311,4.834,0.321790363,0.4290676311,4.834,0.3991708965,0.2678352776,3.7914,0.3991708965,0.2678352776,3.7914,0.459864349,0.1598309944,4.4267,0.459864349,0.1598309944,4.4267,0.5325290992,0.0482367341,3.8281,0.5325290992,0.0482367341,3.8281,0.4425796899,0.0957767696,4.5914,0.4425796899,0.0957767696,4.5914,0.2746461629,0.1377077463,4.4267,0.2746461629,0.1377077463,4.4267,0.21241351,0.1323867455,4.5555,0.21241351,0.1323867455,4.5555,6.2801747815,0.1197923082,4.1219,6.2801747815,0.1197923082,4.1219,6.1956876108,0.0982158586,4.2373,6.1956876108,0.0982158586,4.2373,6.1434257276,0.1113362511,4.4401,6.1434257276,0.1113362511,4.4401,6.0962528019,0.0572859845,3.8482,6.0962528019,0.0572859845,3.8482,6.1388978678,0.0219184994,4.9527,6.1388978678,0.0219184994,4.9527,6.2048550622,0.031074147,4.5578,6.2048550622,0.031074147,4.5578,6.1956876108,0.0982158586,4.2373
'PSA',5.7961623239,-0.575756165,4.5232,5.7060757051,-0.5392771747,5.0443,5.7060757051,-0.5392771747,5.0443,5.6939030868,-0.5764046363,4.3337,5.6939030868,-0.5764046363,4.3337,5.7961623239,-0.575756165,4.5232,5.7961623239,-0.575756165,4.5232,5.8970522677,-0.5645446875,4.3003,5.8970522677,-0.5645446875,4.3003,5.988774287,-0.5737848471,4.4671,5.988774287,-0.5737848471,4.4671,6.0037066048,-0.5679249405,4.3677,6.0037066048,-0.5679249405,4.3677,6.0111194213,-0.5169985827,1.1808,6.0111194213,-0.5169985827,1.1808,5.9369792909,-0.4720001247,4.1591,5.9369792909,-0.4720001247,4.1591,5.7961623239,-0.575756165,4.5232
'PUP',2.1273165334,-0.4241924449,2.9157,2.0806912321,-0.3993339243,4.3403,2.0806912321,-0.3993339243,4.3403,2.0476827291,-0.4338850835,3.5109,2.0476827291,-0.4338850835,3.5109,2.0020294906,-0.4678161407,3.7439,2.0020294906,-0.4678161407,3.7439,1.907395009,-0.6474732902,2.8296,1.907395009,-0.6474732902,2.8296,1.7355606227,-0.7539110968,3.1395,1.7355606227,-0.7539110968,3.1395,1.7886815487,-0.8833879239,3.1077,1.7886815487,-0.8833879239,3.1077,1.9601413383,-0.7557605692,3.3757,1.9601413383,-0.7557605692,3.3757,2.110035446,-0.6981873479,2.1364,2.110035446,-0.6981873479,2.1364,1.907395009,-0.6474732902,2.8296
'PYX',2.3148891877,-0.4836317594,4.1794,2.2846030842,-0.5792121459,3.6188,2.2846030842,-0.5792121459,3.6188,2.2693742935,-0.6162461035,4.1264
'RET',1.1101334814,-1.0903766289,3.4953,1.1191257348,-1.0350107657,4.5977,1.1191257348,-1.0350107657,4.5977,1.0417243082,-1.0716347894,4.6497,1.0417243082,-1.0716347894,4.6497,0.9782246829,-1.1310971725,4.0019,0.9782246829,-1.1310971725,4.0019,1.1101334814,-1.0903766289,3.4953
'SGE',5.2305617932,0.3402011954,3.6215,5.180956447,0.323483842,3.8364,5.180956447,0.323483842,3.8364,5.1491418161,0.3144025354,4.5281,5.180956447,0.323483842,3.8364,5.1532979631,0.305015898,4.5523
'SGR',4.7893092322,-0.6416053924,3.1512,4.8178611373,-0.6001195009,1.7986,4.8178611373,-0.6001195009,1.7986,4.8039912526,-0.5205974986,2.8654,4.8039912526,-0.5205974986,2.8654,4.7377344027,-0.5309928658,3.1356,4.7377344027,-0.5309928658,3.1356,4.8178611373,-0.6001195009,1.7986,4.7377344027,-0.5309928658,3.1356,4.6581112049,-0.4857384391,4.6672,4.8039912526,-0.5205974986,2.8654,4.8344361918,-0.4436844643,2.9838,4.8344361918,-0.4436844643,2.9838,4.9116003502,-0.4710779647,3.1339,4.9116003502,-0.4710779647,3.1339,4.8039912526,-0.5205974986,2.8654,4.8178611373,-0.6001195009,1.7986,4.9855855848,-0.5215063808,2.6212,4.9855855848,-0.5215063808,2.6212,4.9116003502,-0.4710779647,3.1339,4.9116003502,-0.4710779647,3.1339,4.9535292437,-0.4589621517,2.0095,4.9535292437,-0.4589621517,2.0095,5.0044729068,-0.4829293709,3.4689,5.0044729068,-0.4829293709,3.4689,4.9855855848,-0.5215063808,2.6212,4.8344361918,-0.4436844643,2.9838,4.7724434803,-0.3675459292,3.8729,5.0044729068,-0.4829293709,3.4689,5.1343506135,-0.4343001708,4.5762,5.1343506135,-0.4343001708,4.5762,5.2475839593,-0.4836286353,4.4512,5.2475839593,-0.4836286353,4.4512,5.2348368812,-0.6156866089,4.3114,5.2348368812,-0.6156866089,4.3114,5.2153113639,-0.7307416679,4.2773,5.2153113639,-0.7307416679,4.2773,5.072965752,-0.7759543771,3.9357,5.2153113639,-0.7307416679,4.2773,5.0784100789,-0.7088767591,3.9295,4.9535292437,-0.4589621517,2.0095,4.9642821156,-0.3683800742,3.688,4.9642821156,-0.3683800742,3.688,4.9946184524,-0.3794582188,3.9215,4.9946184524,-0.3794582188,3.9215,5.0167914026,-0.3669297384,2.9664,5.0167914026,-0.3669297384,2.9664,5.0687543266,-0.3114932973,3.9884
'SCO',4.6681340591,-0.6465287913,3.3521,4.597235528,-0.6475825794,1.5244,4.597235528,-0.6475825794,1.5244,4.5848227825,-0.6509334659,2.6043,4.5848227825,-0.6509334659,2.6043,4.6359784471,-0.6812006283,2.3164,4.6359784471,-0.6812006283,2.3164,4.6582169509,-0.7003479526,3.1092,4.6582169509,-0.7003479526,3.1092,4.6134233893,-0.7504535374,1.9269,4.6134233893,-0.7504535374,1.9269,4.503616772,-0.7546540224,3.4149,4.503616772,-0.7546540224,3.4149,4.4269625742,-0.7393347215,3.7651,4.4269625742,-0.7393347215,3.7651,4.4151186082,-0.6640511238,2.9245,4.4151186082,-0.6640511238,2.9245,4.4077013945,-0.5985189437,2.4532,4.4077013945,-0.5985189437,2.4532,4.3453578306,-0.4924614315,2.7374,4.3453578306,-0.4924614315,2.7374,4.3171059089,-0.4613244851,0.9757,4.3171059089,-0.4613244851,0.9757,4.281243391,-0.4466777959,2.9227,4.281243391,-0.4466777959,2.9227,4.1902454992,-0.3948217575,2.2617,4.1902454992,-0.3948217575,2.2617,4.2125146985,-0.3456693411,2.594,4.1902454992,-0.3948217575,2.2617,4.1837811576,-0.4557760267,2.8274,4.1837811576,-0.4557760267,2.8274,4.1751974874,-0.5098806985,3.8095
'SCL',0.2557158849,-0.5123844106,4.2628,6.2348600418,-0.4909613744,4.5866,6.2348600418,-0.4909613744,4.5866,6.1035201566,-0.5677876466,4.5777,6.1035201566,-0.5677876466,4.5777,6.1652438184,-0.6600548805,4.3517
'SCT',4.8660097911,-0.1438728697,4.0071,4.9182271085,-0.0828652458,4.3804,4.9182271085,-0.0828652458,4.3804,4.8968428034,-0.1579968617,4.7879,4.8968428034,-0.1579968617,4.7879,4.8397872487,-0.2542212491,4.7103,4.8397872487,-0.2542212491,4.7103,4.8660097911,-0.1438728697,4.0071
'SER1',4.128519243,0.2691633862,3.6836,4.173299995,0.2734011715,3.9456,4.173299995,0.2734011715,3.9456,4.1396598125,0.3166337791,4.1929,4.1396598125,0.3166337791,4.1929,4.108293612,0.3433150888,4.5337,4.108293612,0.3433150888,4.5337,4.128519243,0.2691633862,3.6836,4.128519243,0.2691633862,3.6836,4.078848281,0.1839377915,3.8677,4.078848281,0.1839377915,3.8677,4.1201402784,0.1121464762,2.7971,4.1201402784,0.1121464762,2.7971,4.148712443,0.0781485099,3.7548,4.148712443,0.0781485099,3.7548,4.1435036788,-0.059867258,3.5411,4.1435036788,-0.059867258,3.5411,4.2513868978,-0.0644720376,2.8283
'SER2',4.6145942048,-0.2687529224,3.6075,4.7081418325,-0.1705771307,3.4871,4.7081418325,-0.1705771307,3.4871,4.8053947027,-0.0505643176,3.3995,4.8053947027,-0.0505643176,3.3995,4.5414656527,-0.2242203939,4.3496
'SEX',2.5853032084,-0.1414574613,5.0859,2.6526310683,-0.0064861385,4.4798,2.6526310683,-0.0064861385,4.4798,2.7501664285,-0.0111172549,5.0315,2.7501664285,-0.0111172549,5.0315,2.7466196079,-0.0478053863,5.1787
'TAU',1.4732530972,0.3690078584,2.9184,1.2039281519,0.2881496983,1.0024,1.2039281519,0.2881496983,1.0024,1.1722558422,0.2770002773,3.4597,1.1722558422,0.2770002773,3.4597,1.1335574543,0.2727548212,3.8123,1.1335574543,0.2727548212,3.8123,1.1472650833,0.306175858,3.9308,1.1472650833,0.306175858,3.9308,1.1720564593,0.3347632442,3.6992,1.1720564593,0.3347632442,3.6992,1.4237158306,0.4993015867,1.6151
'TEL',4.8381789279,-0.8564336043,4.2661,4.8300845506,-0.8022986967,3.4234,4.8300845506,-0.8022986967,3.4234,4.7613873693,-0.8020543142,4.683,4.7613873693,-0.8020543142,4.683,4.8300845506,-0.8022986967,3.4234,4.8300845506,-0.8022986967,3.4234,5.1278496144,-0.8394878497,5.0505,5.1278496144,-0.8394878497,5.0505,5.2682158814,-0.9229442388,5.0218,5.2682158814,-0.9229442388,5.0218,4.9674801453,-0.9239529953,4.8372,4.9674801453,-0.9239529953,4.8372,4.8381789279,-0.8564336043,4.2661
'TRI',0.5652336717,0.6106451889,3.0625,0.49341184,0.5162578708,3.521,0.49341184,0.5162578708,3.521,0.5991450381,0.5907471917,4.0211,0.5991450381,0.5907471917,4.0211,0.5652336717,0.6106451889,3.0625
'TRA',4.401128835,-1.2047595072,2.0711,4.0095077154,-1.1986828347,2.8816,4.0095077154,-1.1986828347,2.8816,4.167614133,-1.1070579781,2.9075,4.167614133,-1.1070579781,2.9075,4.401128835,-1.2047595072,2.0711
'TUC',5.8403209499,-1.0517265895,3.0103,6.0974395084,-1.0164086771,4.0856,6.0974395084,-1.0164086771,4.0856,0.1376309022,-1.0988258828,4.3328,0.1376309022,-1.0988258828,4.3328,0.0874056696,-1.1323281358,4.3442,0.0874056696,-1.1323281358,4.3442,6.2828151515,-1.1445359189,4.4758,6.2828151515,-1.1445359189,4.4758,5.878841468,-1.1338772223,4.4819,5.878841468,-1.1338772223,4.4819,5.8403209499,-1.0517265895,3.0103
'UMA',3.6108350538,0.8606795018,1.7994,3.5077787053,0.9586293363,2.254,3.5077787053,0.9586293363,2.254,3.3773308557,0.976683509,1.7545,3.3773308557,0.976683509,1.7545,3.2088932061,0.9954066109,3.3353,3.2088932061,0.9954066109,3.3353,2.8960711378,1.0777603439,1.9519,2.8960711378,1.0777603439,1.9519,2.887821107,0.9840575548,2.3499,2.887821107,0.9840575548,2.3499,3.1146666759,0.9371498813,2.4286,3.1146666759,0.9371498813,2.4286,3.2088932061,0.9954066109,3.3353,3.1146666759,0.9371498813,2.4286,3.0807340494,0.8339067425,3.855,3.0807340494,0.8339067425,3.855,2.9604242288,0.5776034304,3.6375,3.0807340494,0.8339067425,3.855,2.9219618312,0.7766462675,3.1638,2.9219618312,0.7766462675,3.1638,2.7154271176,0.7243017488,3.1544,2.7154271176,0.7243017488,3.1544,2.692601377,0.748998759,3.4586,2.8960711378,1.0777603439,1.9519,2.4937533192,1.1006359636,3.7327,2.4937533192,1.1006359636,3.7327,2.5787015511,1.0304267611,3.8476,2.5787015511,1.0304267611,3.8476,2.887821107,0.9840575548,2.3499,2.4937533192,1.1006359636,3.7327,2.2264605431,1.0597365381,3.5041,2.2264605431,1.0597365381,3.5041,2.5787015511,1.0304267611,3.8476,2.5787015511,1.0304267611,3.8476,2.4996260257,0.9019617607,3.277,2.4996260257,0.9019617607,3.277,2.3720158026,0.8230389704,3.5778,2.3720158026,0.8230389704,3.5778,2.3527648189,0.8384971792,3.188
'UMI',0.6622851337,1.5579531082,2.1077,4.5911538344,1.5112165367,4.3641,4.5911538344,1.5112165367,4.3641,4.3893692379,1.4318201239,4.3677,4.3893692379,1.4318201239,4.3677,4.1192289425,1.3577701468,4.3064,4.1192289425,1.3577701468,4.3064,3.8864406714,1.2942572177,2.2044,3.8864406714,1.2942572177,2.2044,4.0174388121,1.2537393443,3.0449,4.0174388121,1.2537393443,3.0449,4.2651847957,1.3221690065,5.0409,4.2651847957,1.3221690065,5.0409,4.1192289425,1.3577701468,4.3064
'VEL',2.1359888699,-0.8261797305,1.7034,2.2894499954,-0.9548446415,1.9511,2.2894499954,-0.9548446415,1.9511,2.452684233,-0.9601177539,2.4131,2.452684233,-0.9601177539,2.4131,2.6043043033,-0.9523877276,3.5031,2.6043043033,-0.9523877276,3.5031,2.822060834,-0.8625438986,2.8299,2.822060834,-0.8625438986,2.8299,2.6823000812,-0.7351686827,3.8653,2.6823000812,-0.7351686827,3.8653,2.4901567308,-0.7062804417,3.6577,2.4901567308,-0.7062804417,3.6577,2.3910848699,-0.7580422876,2.3385,2.3910848699,-0.7580422876,2.3385,2.1359888699,-0.8261797305,1.7034
'VIR',3.8669945359,0.0330380071,3.7371,3.6723751468,0.0269580679,4.2777,3.6723751468,0.0269580679,4.2777,3.5547815209,-0.0104010854,3.4147,3.5547815209,-0.0104010854,3.4147,3.5133190262,-0.1948004728,0.8891,3.5133190262,-0.1948004728,0.8891,3.7214594688,-0.1793158931,4.3251,3.7214594688,-0.1793158931,4.3251,3.7350689537,-0.1047114831,4.1854,3.7350689537,-0.1047114831,4.1854,3.8530733801,-0.0987407647,3.9589,3.5547815209,-0.0104010854,3.4147,3.3842285625,0.0592992848,3.4405,3.3842285625,0.0592992848,3.4405,3.3233979411,-0.0252989299,2.8213,3.3233979411,-0.0252989299,2.8213,3.5133190262,-0.1948004728,0.8891,3.4129012157,0.191272411,2.998,3.3842285625,0.0592992848,3.4405,3.3233979411,-0.0252989299,2.8213,3.2284512488,-0.0116369299,3.8992,3.2284512488,-0.0116369299,3.8992,3.1009618419,0.0308116416,3.7136
'VOL',1.9060326796,-1.1860764138,4.1197,2.1289992235,-1.1975949534,4.3109,2.1289992235,-1.1975949534,4.3109,2.3668700027,-1.1588260808,4.0505,2.3668700027,-1.1588260808,4.0505,2.2066958591,-1.1543000348,3.9319,2.2066958591,-1.1543000348,3.9319,2.0150695931,-1.2672161175,4.1071,2.0150695931,-1.2672161175,4.1071,1.8707620463,-1.230443056,3.9295,1.8707620463,-1.230443056,3.9295,2.1289992235,-1.1975949534,4.3109
'VUL',5.0449498023,0.3733336536,4.742,5.0994456248,0.4304883328,4.5419,5.0994456248,0.4304883328,4.5419,5.2074575013,0.4202670055,4.5682,5.2074575013,0.4202670055,4.5682,5.240788147,0.4843910704,4.7148,5.240788147,0.4843910704,4.7148,5.3047942647,0.4854498664,4.654